frequency,decay,Q,abs_amplitude,amplitude,error
0.6451016074736048,-0.0007264581697192176,444.004647730056,46.18958071878694,(-6.889673979013753-45.67285582750695j),(1.033521336414961e-10+0j)
